<publishData>
  <publishTarget publishUrl="http://localhost/PWAS/">
    <file relUrl="images/img_01.gif" publishTime="11/22/2009 16:51:33" />
    <file relUrl="bin/PWAS.Model.pdb" publishTime="12/08/2009 22:21:19" />
    <file relUrl="contact-us.aspx" publishTime="11/22/2009 21:46:44" />
    <file relUrl="images/ic-5.gif" publishTime="11/22/2009 16:51:33" />
    <file relUrl="PWAS_Out.Master" publishTime="12/06/2009 18:26:17" />
    <file relUrl="images/header.gif" publishTime="11/22/2009 16:51:33" />
    <file relUrl="bin/.svn/prop-base/Castle.Core.dll.svn-base" publishTime="11/24/2009 13:08:04" />
    <file relUrl="images/ico-med-3.png" publishTime="11/22/2009 16:51:33" />
    <file relUrl="bin/Castle.MicroKernel.dll" publishTime="05/05/2009 01:23:32" />
    <file relUrl="view_Single_PrintRun.aspx" publishTime="12/08/2009 18:52:35" />
    <file relUrl="images/Header.png" publishTime="11/22/2009 16:51:33" />
    <file relUrl="workerView_AddToPrintRun.aspx" publishTime="12/06/2009 17:15:35" />
    <file relUrl="images/ico-phone.png" publishTime="11/22/2009 16:51:33" />
    <file relUrl="ForgotPassword.aspx" publishTime="12/06/2009 18:26:16" />
    <file relUrl="images/ic-4.gif" publishTime="11/22/2009 16:51:33" />
    <file relUrl="App_Data/PWAS_DB.mdf" publishTime="12/08/2009 21:31:30" />
    <file relUrl="images/box-gray.gif" publishTime="11/22/2009 16:51:33" />
    <file relUrl="bin/PWAS_Site.dll" publishTime="12/08/2009 22:21:20" />
    <file relUrl="css/style.css" publishTime="11/22/2009 16:51:33" />
    <file relUrl="index.aspx" publishTime="12/06/2009 18:41:39" />
    <file relUrl="Web.config" publishTime="12/07/2009 19:41:34" />
    <file relUrl="images/li-1.gif" publishTime="11/22/2009 16:51:33" />
    <file relUrl="bin/PWAS.Model.dll" publishTime="12/08/2009 22:21:20" />
    <file relUrl="images/projectimg2.jpg" publishTime="11/22/2009 16:51:33" />
    <file relUrl="pre-PressView_Create_Run.aspx" publishTime="11/22/2009 21:46:44" />
    <file relUrl="images/ico-med-1.png" publishTime="11/22/2009 16:51:33" />
    <file relUrl="App_Data/PWAS_DB_log.ldf" publishTime="12/08/2009 21:31:30" />
    <file relUrl="projects.aspx" publishTime="11/22/2009 21:46:44" />
    <file relUrl="NavMenu/NavigationControl.ascx" publishTime="12/06/2009 13:40:25" />
    <file relUrl="bin/.svn/text-base/Castle.MicroKernel.dll.svn-base" publishTime="11/24/2009 13:08:50" />
    <file relUrl="Register.aspx" publishTime="12/08/2009 19:03:10" />
    <file relUrl="images/li-4.gif" publishTime="11/22/2009 16:51:33" />
    <file relUrl="images/arrow-list.gif" publishTime="11/22/2009 16:51:33" />
    <file relUrl="admin_ManageRoles.aspx" publishTime="12/06/2009 17:59:48" />
    <file relUrl="login.aspx" publishTime="12/08/2009 21:28:51" />
    <file relUrl="images/projectimg3.jpg" publishTime="11/22/2009 16:51:33" />
    <file relUrl="images/read-more.gif" publishTime="11/22/2009 16:51:33" />
    <file relUrl="bin/.svn/text-base/Castle.Windsor.dll.svn-base" publishTime="11/24/2009 13:08:47" />
    <file relUrl="view_print_run.aspx" publishTime="12/08/2009 18:52:34" />
    <file relUrl="support.aspx" publishTime="11/22/2009 21:46:44" />
    <file relUrl="bin/.svn/text-base/Castle.Windsor.xml.svn-base" publishTime="11/24/2009 13:08:52" />
    <file relUrl="images/list-arrow.gif" publishTime="11/22/2009 16:51:33" />
    <file relUrl="images/ic-3.gif" publishTime="11/22/2009 16:51:33" />
    <file relUrl="bin/PWAS_Site.pdb" publishTime="12/08/2009 22:21:20" />
    <file relUrl="images/list-back.gif" publishTime="11/22/2009 16:51:33" />
    <file relUrl="images/projectimg1.jpg" publishTime="11/22/2009 16:51:33" />
    <file relUrl="bin/.svn/text-base/Castle.Core.xml.svn-base" publishTime="11/24/2009 13:08:37" />
    <file relUrl="bin/.svn/prop-base/Castle.MicroKernel.dll.svn-base" publishTime="11/24/2009 13:08:04" />
    <file relUrl="images/ico-twitter.png" publishTime="11/22/2009 16:51:33" />
    <file relUrl="bin/Castle.Windsor.dll" publishTime="05/05/2009 01:23:42" />
    <file relUrl="images/ico-med-2.png" publishTime="11/22/2009 16:51:33" />
    <file relUrl="images/logo.gif" publishTime="11/22/2009 16:51:33" />
    <file relUrl="services.aspx" publishTime="11/22/2009 21:46:44" />
    <file relUrl="bin/Castle.DynamicProxy2.dll" publishTime="05/05/2009 01:22:30" />
    <file relUrl="images/ico6.png" publishTime="11/22/2009 16:51:33" />
    <file relUrl="images/bt-logo.gif" publishTime="11/22/2009 16:51:33" />
    <file relUrl="PWAS.Master" publishTime="12/05/2009 15:54:37" />
    <file relUrl="admin_ManageRolePermissions.aspx" publishTime="12/08/2009 20:05:54" />
    <file relUrl="Employee_Print_view.aspx" publishTime="11/22/2009 21:46:44" />
    <file relUrl="images/ico3.png" publishTime="11/22/2009 16:51:33" />
    <file relUrl="customerView_EditProfile.aspx" publishTime="12/05/2009 18:59:26" />
    <file relUrl="images/img_02.gif" publishTime="11/22/2009 16:51:33" />
    <file relUrl="bin/.svn/prop-base/Castle.Windsor.dll.svn-base" publishTime="11/24/2009 13:08:04" />
    <file relUrl="images/delete.gif" publishTime="12/04/2009 18:54:23" />
    <file relUrl="images/li-3.gif" publishTime="11/22/2009 16:51:33" />
    <file relUrl="images/br-line.gif" publishTime="11/22/2009 16:51:33" />
    <file relUrl="customer_create_order.aspx" publishTime="12/06/2009 20:57:45" />
    <file relUrl="bin/.svn/all-wcprops" publishTime="11/30/2009 00:30:55" />
    <file relUrl="bin/.svn/text-base/Castle.Core.dll.svn-base" publishTime="11/24/2009 13:08:48" />
    <file relUrl="adminView_ManageAccounts.aspx" publishTime="12/06/2009 20:03:58" />
    <file relUrl="images/ico5.png" publishTime="11/22/2009 16:51:33" />
    <file relUrl="adminView_EditProfile.aspx" publishTime="12/06/2009 20:57:45" />
    <file relUrl="bin/.svn/prop-base/Castle.DynamicProxy2.dll.svn-base" publishTime="11/24/2009 13:08:04" />
    <file relUrl="images/ico-support.png" publishTime="11/22/2009 16:51:33" />
    <file relUrl="images/arrow.png" publishTime="11/22/2009 16:51:33" />
    <file relUrl="images/left-list.gif" publishTime="11/22/2009 16:51:33" />
    <file relUrl="images/img_03.gif" publishTime="11/22/2009 16:51:33" />
    <file relUrl="images/li-5.gif" publishTime="11/22/2009 16:51:33" />
    <file relUrl="images/ico2.png" publishTime="11/22/2009 16:51:33" />
    <file relUrl="bin/PWAS.DataAccess.pdb" publishTime="12/08/2009 22:21:20" />
    <file relUrl="images/ico4.png" publishTime="11/22/2009 16:51:33" />
    <file relUrl="images/red_asterisk.png" publishTime="11/28/2009 11:42:32" />
    <file relUrl="workerView_CreatePrintRun.aspx" publishTime="12/05/2009 18:59:26" />
    <file relUrl="bin/Castle.Core.dll" publishTime="05/05/2009 01:21:52" />
    <file relUrl="Employee_Ship_view.aspx" publishTime="11/22/2009 21:46:44" />
    <file relUrl="bin/.svn/text-base/Castle.DynamicProxy2.dll.svn-base" publishTime="11/24/2009 13:08:49" />
    <file relUrl="images/photo-contact.jpg" publishTime="11/22/2009 16:51:33" />
    <file relUrl="images/ic-1.gif" publishTime="11/22/2009 16:51:33" />
    <file relUrl="images/li-2.gif" publishTime="11/22/2009 16:51:33" />
    <file relUrl="images/ico-email.png" publishTime="11/22/2009 16:51:33" />
    <file relUrl="bin/PWAS.DataAccess.dll" publishTime="12/08/2009 22:21:20" />
    <file relUrl="images/edit.gif" publishTime="12/04/2009 18:54:23" />
    <file relUrl="bin/.svn/text-base/Castle.MicroKernel.xml.svn-base" publishTime="11/24/2009 13:08:43" />
    <file relUrl="view_Single_Order.aspx" publishTime="12/06/2009 20:57:45" />
    <file relUrl="images/ico-terms.png" publishTime="11/22/2009 16:51:33" />
    <file relUrl="images/ico1.png" publishTime="11/22/2009 16:51:33" />
    <file relUrl="images/ico-fax.png" publishTime="11/22/2009 16:51:33" />
    <file relUrl="bin/.svn/entries" publishTime="12/08/2009 21:28:52" />
    <file relUrl="Employee_Finish_view.aspx" publishTime="11/22/2009 21:46:44" />
    <file relUrl="customer_view_order.aspx" publishTime="12/06/2009 21:02:31" />
    <file relUrl="images/bg-strip.gif" publishTime="11/22/2009 16:51:33" />
    <file relUrl="images/Header2.gif" publishTime="11/22/2009 16:51:33" />
    <file relUrl="images/img_04.gif" publishTime="11/22/2009 16:51:33" />
    <file relUrl="images/ico-med-4.png" publishTime="11/22/2009 16:51:33" />
    <file relUrl="customerView_View_Orders.aspx" publishTime="11/29/2009 20:49:54" />
    <file relUrl="customerView_Home.aspx" publishTime="12/08/2009 21:28:51" />
    <file relUrl="images/photo-about.jpg" publishTime="11/22/2009 16:51:33" />
    <file relUrl="images/ic-2.gif" publishTime="11/22/2009 16:51:33" />
    <file relUrl="images/ico-website.png" publishTime="11/22/2009 16:51:33" />
    <file relUrl="bin/.svn/text-base/Castle.DynamicProxy2.xml.svn-base" publishTime="11/24/2009 13:08:40" />
    <file relUrl="pre-PressView_Home.aspx" publishTime="11/22/2009 21:46:44" />
    <file relUrl="images/br-body.gif" publishTime="11/22/2009 16:51:33" />
    <file relUrl="privacy.aspx" publishTime="11/22/2009 21:46:44" />
  </publishTarget>
</publishData>